store_id,total_revenue
463,8258585.75
496,7439896.61
471,7887960.1
148,8504793.18
243,6622744.86
392,7233751.67
31,8826700.169999998
85,8434576.18
137,8690009.23
451,8078350.509999999
251,7264098.58
65,7681591.470000002
458,6963570.680000001
481,8626157.740000002
53,6798224.539999999
255,8044289.31
296,8189892.959999999
133,6476729.02
472,8525616.77
78,9759966.479999999
322,6266533.220000001
321,8127082.250000001
362,5990948.41
375,9229508.399999999
108,8469360.670000002
155,9085678.51
193,7358558.63
34,7863405.949999998
368,7836860.16
211,8422546.55
115,6368527.07
101,9421812.170000002
126,8371259.59
385,8670927.589999998
81,8199432.450000001
436,8453316.76
183,8704108.720000003
210,6838896.33
28,6443936.76
497,7703908.73
412,8510467.79
406,8492199.65
300,8168019.760000001
76,8528467.6
27,7831386.6
332,8792269.009999998
26,7909926.339999999
384,8947182.92
271,7546738.82
192,7699336.200000001
159,8124140.9399999995
44,9243767.43
253,8296203.09
460,7404254.309999999
329,8906252.96
103,7978627.360000001
236,8193137.449999999
350,6884724.13
336,8559434.729999999
12,7830964.58
223,8146342.850000001
388,7844988.270000001
417,8481962.74
91,9148377.01
409,7636391.76
333,7490786.069999999
285,6757691.32
222,7743624.110000001
209,8345749.710000001
330,6641083.96
372,6449755.58
128,7870432.159999999
22,7498751.67
319,8823821.790000001
230,7943762.77
122,8037423.82
493,7782996.640000001
93,8247345.63
232,7201948.26
190,8184460.270000001
233,8898911.22
157,7371093.98
225,8447760.060000002
360,6506771.5600000005
476,9004941.200000001
246,6790139.879999999
367,8585719.809999999
346,8112341.150000002
111,9394350.57
224,8187299.6000000015
47,6920033.420000001
177,6769817.540000001
416,8162089.83
140,8230806.81
444,8104037.91
132,8184605.28
152,8857549.54
355,7976226.52
185,8040478.29
353,8245736.0
305,7390896.049999999
291,8856741.86
386,7710128.31
325,7936104.550000001
473,7504270.470000001
435,7713868.67
146,9130092.2
259,7803123.03
1,8881701.02
206,9427491.0
52,7711388.890000001
363,8426887.61
297,7776439.52
212,8075042.990000001
274,7467485.73
182,8678247.81
442,9716725.979999999
13,9136825.500000002
280,7306773.710000001
218,8814675.84
440,7013908.99
348,8883527.120000001
86,8408627.36
474,9013907.73
6,7386755.779999999
16,8662553.48
168,8294299.88
205,7339389.16
178,7264844.470000001
142,7641668.799999999
3,7321072.549999999
308,7908651.7700000005
328,9849693.69
40,7196131.51
470,7980952.33
429,7987608.600000001
20,7028595.219999999
164,7521285.8100000005
169,8298351.81
500,9236678.41
283,7902074.3
479,7344135.250000001
359,7140896.29
139,7181337.01
295,8878021.55
431,8035508.09
340,9040993.52
432,7245213.199999999
377,8684040.97
250,8379911.72
402,8347575.969999999
94,8059536.41
57,7627170.640000001
339,8134456.770000001
292,7023913.320000002
306,8015532.0
54,7934857.76
120,6555116.640000001
491,7635425.299999999
96,7561162.37
235,6976205.17
452,6988884.41
48,7217861.379999999
266,8126907.9399999995
268,7248508.920000001
163,7551966.129999999
191,7813157.36
5,7087718.440000001
258,8659642.969999999
279,7894069.07
19,8059971.85
397,8593297.590000002
430,8966892.010000002
92,7171569.85
419,8746566.16
415,8080075.499999999
257,7796232.530000001
299,7766357.2299999995
64,8562266.33
227,10365739.889999999
117,5875557.17
41,7026154.25
154,7333058.11
425,7138614.600000001
309,9110098.5
347,7172649.87
447,7530261.97
484,7618338.56
455,7982880.08
43,8464680.99
15,7343326.32
262,8650527.23
112,6268338.600000001
269,6847011.26
327,8025532.270000001
165,8526870.46
358,7763999.96
366,8313481.500000001
207,8939142.940000001
189,7875106.92
179,6764226.010000001
489,9071007.26
383,6243062.12
37,9019485.07
127,7959879.569999999
61,7872053.23
316,8061304.67
461,8235960.79
486,9703104.8
88,8214738.9
197,8362468.16
318,7901082.84
462,8142933.68
202,8260340.780000001
374,7412606.279999999
263,7936534.319999999
107,8849202.4
9,6965622.470000001
17,7890162.100000001
231,5233194.0200000005
324,9403604.63
72,7847169.160000001
398,8875699.17
286,7429991.52
423,7164216.190000001
387,7396756.130000001
175,8331266.929999999
498,8250043.97
381,7898526.85
35,5949218.17
485,7129572.29
310,7312437.109999999
437,8714321.16
196,7846216.580000002
456,8047612.190000001
441,8211197.2
290,7721424.809999999
217,8774777.14
229,8836594.06
307,9081757.669999998
326,9108062.14
278,7345764.28
114,8131569.51
494,7857500.49
173,7675183.779999999
220,8615775.31
301,9684376.32
55,7391881.740000001
445,7922120.040000001
4,8773416.43
59,9084465.04
450,9248466.23
449,7721754.51
8,7225043.66
100,7843432.68
495,8740020.58
241,7846902.989999999
161,8461511.849999998
23,7724875.960000001
39,9768104.65
49,9306153.93
380,8060830.52
176,7801104.5600000005
162,6568507.840000001
7,6698781.680000001
130,7353113.140000001
238,6978204.75
446,8697339.76
244,6719208.13
84,8559580.9
453,7783887.21
136,7537915.6899999995
314,8853059.94
247,9470559.61
87,8061215.24
443,8908787.87
273,9696615.24
171,8791783.91
434,7095015.870000001
439,8233601.719999999
343,7785542.57
465,9544532.03
331,7223013.09
194,7845690.050000001
51,7755662.129999999
428,6981206.079999999
277,6966663.239999999
438,7731547.03
391,9607251.3
467,8243361.32
448,7724212.850000001
129,7396275.459999999
166,8253935.03
69,8441176.99
97,9462560.389999999
400,9290384.74
234,6973173.43
264,7560348.129999999
389,7812849.59
239,7503303.91
312,8113123.42
63,7690643.550000001
395,7222613.84
403,7433357.55
459,7369853.37
102,8178853.389999999
10,7914749.699999999
361,7358321.65
77,6598930.43
50,8701014.23
404,8213328.550000001
267,8700737.440000001
293,7761386.5600000005
45,7190977.720000001
216,7368556.59
320,8074846.9399999995
261,7207113.29
418,9563820.42
38,8627602.459999999
364,6997738.66
82,7935924.67
181,7475667.86
249,7374599.359999999
167,7745591.64
288,7300163.199999999
394,8271341.92
356,7488651.869999999
240,7847869.880000001
80,7687644.289999999
289,8492446.64
73,7585652.41
427,8636561.86
25,9153806.57
245,8561811.15
237,7991427.74
113,7911453.729999999
160,8510269.780000001
24,6971190.369999999
408,9129561.41
70,7251474.52
62,8552911.84
396,8121338.08
121,7745171.500000001
125,6563387.9399999995
480,7329659.61
156,7212151.600000001
351,8063396.44
219,6470696.600000001
143,9702128.43
95,8725665.119999997
411,7421070.5
482,9158060.440000001
477,7831209.6
29,9715725.93
390,7776444.500000002
226,8422975.95
464,8193598.2299999995
21,8091402.910000002
214,7533682.58
323,8010183.539999999
352,8195039.9399999995
335,9267572.860000001
492,8849250.69
338,8348394.2
98,7668088.899999999
256,7976188.99
195,8518141.98
287,8199972.420000001
490,9339609.93
345,8112224.6000000015
371,7839325.5600000005
90,7999107.9
60,8080227.77
32,8574338.03
75,8149532.03
469,8637531.21
382,7210368.49
265,7543137.82
457,8380601.290000001
203,7807262.289999999
221,7723614.0
433,8550528.350000001
141,9576632.180000002
341,8072032.36
414,8107854.930000002
151,6302702.950000001
334,8128019.369999998
145,8877497.580000002
376,7226734.549999999
272,7175494.979999999
488,8968812.63
200,6869277.459999999
109,9498882.049999999
378,8151565.82
56,9975349.53
487,7904781.5600000005
254,8084600.299999999
213,7780433.710000001
478,7899420.08
228,8873515.47
426,9459823.86
303,6515554.34
354,6154075.71
170,8077477.850000001
304,8165854.8500000015
370,8660564.07
298,7763280.000000001
105,7504016.17
58,8290485.710000001
188,7322864.039999999
421,7431256.02
11,8370687.630000001
204,7953327.550000001
33,9960960.15
83,8826525.190000001
413,8905784.649999999
150,7711085.0200000005
110,6905427.7
369,8218003.420000001
106,8061966.619999999
71,7272161.8100000005
68,7811889.880000001
260,7763100.760000001
147,6973348.890000001
116,7325902.839999999
14,7952626.680000001
198,9016453.389999999
317,8101178.81
424,10565831.54
349,7853648.58
344,7368273.26
379,6754394.8
123,7559563.44
342,7129659.660000001
454,7546366.6
373,7200121.96
158,8204414.659999998
284,7948895.18
242,8682858.66
270,6640643.12
199,7692149.02
135,8894744.26
499,8238502.17
248,8657886.71
119,9185747.34
337,8167379.47
466,6324816.330000001
42,7481692.23
2,6720241.16
201,8933038.700000001
79,7880233.229999999
131,8081670.45
276,7662845.289999999
149,7197723.330000001
365,7346986.46
357,8157702.07
294,6959267.96
118,7570547.200000001
281,10477467.34
124,7031086.789999999
99,7895838.609999999
30,8492616.06
184,8822130.100000001
313,7218324.02
302,7285427.52
66,9448409.59
405,7761824.82
282,7812985.739999999
67,8366970.48
186,7667724.1
275,8419281.23
46,7096671.52
311,7247212.82
174,8055817.22
215,7535148.130000001
410,8049904.539999999
172,8484082.2
252,8862021.27
399,7666680.930000001
153,8106770.26
420,8073506.53
144,8237282.649999999
18,8501100.469999999
475,8218893.930000001
74,8527573.72
138,7492096.289999999
104,7507077.75
483,10201577.559999999
468,7876269.65
180,7998707.96
134,7825845.379999999
407,7765943.95
208,7950417.120000001
393,8509268.43
36,7687445.5200000005
315,7342114.36
187,7547229.37
401,8865920.639999999
422,8223641.170000001
89,5924945.75
