customer_id,first_name,last_name,email,phone,gender,city,state,registration_date
1001,Madhav,Chadha,arama@example.com,8858154467.0,Male,Khandwa,Nagaland,2025-12-15
1002,Janya,Tailor,bpradhan@example.org,7082757687.0,Male,Gurgaon,Karnataka,2024-10-08
1003,Gautam,Chana,sarangavin@example.com,7419000943.0,Female,Raichur,Karnataka,2025-10-26
1004,Harshil,Amble,sakshammadan@example.org,6339612881.0,Female,Ujjain,Chhattisgarh,2025-05-12
1005,Chanakya,Sule,avi30@example.org,7823859753.0,Male,Vijayanagaram,Odisha,2023-09-01
1006,Bakhshi,Swaminathan,jasmit89@example.com,6348486272.0,Female,Dehradun,Assam,2026-02-28
1007,Meera,Parsa,bhanumatisharaf@example.org,7783959265.0,Female,Hosur,Bihar,2024-11-16
1008,Neel,Bajaj,udyati83@example.org,6405317597.0,Male,Cuttack,Kerala,2025-09-17
1009,David,Shroff,raveljhalak@example.org,6107137089.0,Female,Vijayawada,Arunachal Pradesh,2024-11-10
1010,Mitali,Karpe,ucchal88@example.org,6086986398.0,Male,Guna,Meghalaya,2026-05-29
1011,Jason,Handa,isaacloke@example.com,9364090720.0,Female,Nellore,Telangana,2025-07-22
1012,Onveer,Bakshi,usodhi@example.com,9395446318.0,Male,Vasai-Virar,Chhattisgarh,2025-10-10
1013,Lavanya,Apte,tarak87@example.com,6036545570.0,Female,Asansol,Jharkhand,2023-09-19
1014,Idika,Panchal,forum38@example.org,8831447768.0,Male,Jorhat,Andhra Pradesh,2024-01-08
1015,Kamya,Sengupta,tandonshravya@example.com,6030324812.0,Female,Gandhinagar,Uttar Pradesh,2023-10-23
1016,Jagdish,Kannan,chamantailor@example.com,8595028755.0,Female,Howrah,West Bengal,2025-06-06
1017,Gagan,Goel,qvaidya@example.com,7741305438.0,Female,Hazaribagh,Madhya Pradesh,2024-04-04
1018,Vedant,Mitra,ydugal@example.com,6627796275.0,Female,Dhanbad,Telangana,2026-06-10
1019,Zashil,Sarraf,sachdevadvaith@example.com,6947416390.0,Male,Narasaraopet,Madhya Pradesh,2025-02-15
1020,Eesha,Modi,pandeybahadurjit@example.com,9547577037.0,Male,Kottayam,Tripura,2025-08-12
1021,Neha,Krishnan,chanakyabehl@example.net,8502210008.0,Female,Bharatpur,Andhra Pradesh,2024-12-07
1022,Eesha,Peri,,6012026119.0,Male,Hosur,Tripura,2024-03-07
1023,Faris,Vyas,lbobal@example.org,7952415695.0,Male,Sonipat,Gujarat,2024-05-19
1024,Chanakya,Dhingra,atharvjha@example.com,6756456970.0,Male,Jaipur,Telangana,2026-03-04
1025,Ronith,Buch,abiswas@example.org,8487141668.0,Female,Amritsar,Kerala,2026-07-10
1026,Ekanta,Deep,maanav92@example.com,8732547351.0,Female,Yamunanagar,Gujarat,2023-09-26
1027,Devansh,Magar,aadimannan@example.com,6300524732.0,Male,Amritsar,Gujarat,2026-04-24
1028,Dayamai,Roy,boaseyug@example.org,6879329953.0,Female,Pune,Meghalaya,2024-11-23
1029,Liam,Mander,cradhakrishnan@example.com,8848166265.0,Male,Hajipur,Meghalaya,2026-06-01
1030,Vamakshi,Varkey,kannanamrita@example.com,7818184754.0,Male,Bhilwara,Telangana,2023-10-15
1031,Christopher,Saini,isaiahahuja@example.org,9997635944.0,Female,Loni,Haryana,2025-01-10
1032,Vasatika,Kibe,yahvi16@example.org,7508547541.0,Male,Motihari,Mizoram,2024-11-10
1033,Chaaya,Venkataraman,aptefitan@example.org,9725545068.0,Female,Bhind,Gujarat,2023-10-11
1034,Suhani,Zachariah,groverjalsa@example.com,7312237676.0,Male,Hapur,Rajasthan,2024-03-19
1035,Gautami,Banik,harsh25@example.com,6556686648.0,Female,Nagpur,Manipur,2025-08-19
1036,Girik,Trivedi,krishnanpranav@example.net,6849862852.0,Male,Siliguri,Tripura,2025-07-04
1037,Bhanumati,Gade,amody@example.com,7363984853.0,Male,Giridih,Chhattisgarh,2024-07-31
1038,Hitesh,Barman,pradhangagan@example.net,7530605601.0,Female,Cuttack,Punjab,2024-11-29
1039,Udyati,Kohli,saiparekh@example.net,7675966543.0,Female,Nellore,Himachal Pradesh,2024-07-15
1040,Saumya,Brar,sahasuhani@example.org,8362366363.0,Male,Chennai,Jharkhand,2024-07-27
1041,Chandani,Basu,,6903916734.0,Male,Anantapur,Gujarat,2024-12-07
1042,Simon,Batta,,8865649532.0,Female,Satna,West Bengal,2023-10-31
1043,Hamsini,Rama,chakrabartiucchal@example.com,6080121068.0,Female,Pondicherry,Manipur,2025-02-25
1044,Arya,Chakrabarti,zashilghosh@example.com,9218887716.0,Female,Suryapet,Uttar Pradesh,2024-02-20
1045,Ekbal,Pingle,siyasarna@example.net,8473644651.0,Female,Silchar,Arunachal Pradesh,2024-09-20
1046,Zaitra,Mutti,ekantika11@example.org,7073886773.0,Male,Hazaribagh,Karnataka,2023-08-27
1047,Xavier,Deol,cchokshi@example.org,8921854637.0,Female,Pune,Rajasthan,2025-10-31
1048,Yashasvi,Pandey,soodishwar@example.com,6957241699.0,Male,Khora ,Odisha,2024-11-28
1049,Sai,Butala,upadhyaygautam@example.net,7488957778.0,Female,Hapur,Gujarat,2026-05-07
1050,Vasatika,Rattan,lekhasethi@example.org,9958097649.0,Female,Ongole,Haryana,2024-09-19
1051,Yash,Mukherjee,azad50@example.net,6760993945.0,Female,Sasaram,Maharashtra,2024-09-07
1052,Yahvi,Mistry,mvarty@example.net,8200764225.0,Male,Sri Ganganagar,Assam,2026-02-10
1053,Adya,Murthy,vvora@example.org,8531352412.0,Female,Tadepalligudem,Gujarat,2024-10-17
1054,Faqid,Biswas,salviarunima@example.org,7807810834.0,Female,Raipur,Punjab,2025-08-30
1055,Samaksh,Jayaraman,seshadrixalak@example.org,7844225871.0,Female,Kavali,Madhya Pradesh,2023-11-06
1056,Ikbal,Sawhney,morarwaida@example.net,8380921428.0,Female,Bulandshahr,Rajasthan,2025-10-29
1057,Yagnesh,Luthra,tanmayisood@example.org,7320599681.0,Male,Phusro,Uttarakhand,2024-08-18
1058,Liam,Mane,nrajan@example.com,7038185443.0,Female,Orai,Tamil Nadu,2025-11-09
1059,Andrew,Barad,skibe@example.org,8760573538.0,Male,Tezpur,Madhya Pradesh,2024-05-03
1060,Meghana,Vaidya,muniupkaar@example.org,8163180312.0,Female,Junagadh,Nagaland,2023-12-20
1061,Udant,Sood,jonathan74@example.com,6891961549.0,Male,Muzaffarnagar,Sikkim,2024-09-18
1062,Ekansh,Din,zdani@example.com,6253373403.0,Female,Jalgaon,Uttarakhand,2024-03-26
1063,Abhiram,Amble,fgoda@example.net,8326302998.0,Male,Rewa,Madhya Pradesh,2024-10-20
1064,Oni,Mittal,kainarasimhan@example.org,7117585153.0,Male,Bharatpur,Madhya Pradesh,2023-09-15
1065,Ishita,Bhatt,rsoni@example.com,7812198817.0,Male,Fatehpur,Jharkhand,2026-04-16
1066,Vasudha,Baral,banerjeedev@example.org,8693977846.0,Female,Jalandhar,Bihar,2024-06-01
1067,Urvi,Master,radhaminhas@example.com,6196307822.0,Female,Anantapur,Punjab,2026-02-16
1068,Panini,Banik,bhasinomkaar@example.net,6665616881.0,Male,Chinsurah,Chhattisgarh,2024-09-15
1069,Ronith,Barad,skashyap@example.net,7519328759.0,Male,Guntur,Uttar Pradesh,2024-04-10
1070,Dakshesh,Som,karbhavini@example.org,,Female,Malegaon,Kerala,2024-04-10
1071,Udarsh,Shah,girindraluthra@example.org,6512480827.0,Female,Jaunpur,Tamil Nadu,2025-12-11
1072,Lekha,Kala,rbose@example.net,6929648338.0,Female,Solapur,Gujarat,2026-03-28
1073,Bhavani,Vala,urvitandon@example.org,9196229662.0,Male,Noida,Chhattisgarh,2024-04-10
1074,Damini,Mital,ijaya41@example.com,6394761145.0,Male,Machilipatnam,Himachal Pradesh,2024-12-15
1075,Radhika,Loke,kakaransh@example.com,9926865839.0,Male,Salem,Sikkim,2024-06-16
1076,Eiravati,Mutti,norisudiksha@example.net,8280283484.0,Male,Saharsa,Odisha,2025-03-27
1077,Michael,Mallick,inarula@example.net,7915779045.0,Male,Chinsurah,Karnataka,2025-10-21
1078,Madhav,Gola,amammen@example.net,7791439970.0,Female,Kota,Assam,2024-11-29
1079,Eta,Sarraf,choudhrygagan@example.com,9951851777.0,Male,Anantapur,Arunachal Pradesh,2025-12-20
1080,Kamya,Wable,tanveer57@example.org,7667985019.0,Female,Sri Ganganagar,Goa,2025-09-02
1081,Advaith,Grewal,panditgabriel@example.org,7841782368.0,Male,Bhubaneswar,Tamil Nadu,2024-12-28
1082,Qasim,Gade,cdeep@example.org,8256717740.0,Male,Miryalaguda,Arunachal Pradesh,2024-04-28
1083,Liam,Halder,kshanker@example.org,9985852561.0,Female,Bhiwandi,Uttar Pradesh,2024-10-17
1084,Ekanta,Buch,jganesan@example.net,8727041530.0,Male,Sonipat,Tripura,2025-03-04
1085,Banjeet,Balay,chakrabartikrish@example.net,7342956158.0,Male,Amaravati,Goa,2024-06-07
1086,Tanmayi,Chatterjee,geraharshil@example.org,7214343121.0,Female,Udaipur,Uttar Pradesh,2026-02-21
1087,Daksha,Tata,narainvasana@example.net,9504331843.0,Male,Gopalpur,Madhya Pradesh,2025-04-05
1088,Balendra,Pathak,yashbhatti@example.com,6575933099.0,Female,Karimnagar,Andhra Pradesh,2026-05-16
1089,Robert,Munshi,nicholas40@example.net,9583477500.0,Male,Muzaffarpur,Mizoram,2024-10-23
1090,Janya,Sharaf,kumernaksh@example.net,8128502186.0,Male,Pune,Gujarat,2024-01-11
1091,Wyatt,Dass,hvirk@example.org,9977953312.0,Male,Bhalswa Jahangir Pur,Andhra Pradesh,2024-01-31
1092,Ethan,Seshadri,tanayreddy@example.net,8974131265.0,Female,Bhavnagar,Bihar,2023-09-11
1093,Ojas,Oommen,jagvichandra@example.org,9825209608.0,Male,Khandwa,Tripura,2024-09-16
1094,Warinder,Nayak,fiyaz14@example.net,8235098179.0,Male,Mirzapur,West Bengal,2024-03-09
1095,Manan,Raval,xiti15@example.com,7409304383.0,Male,Rajkot,Telangana,2023-08-12
1096,Liam,Nagy,omajasarkar@example.net,6860809510.0,Male,Ludhiana,Bihar,2025-10-10
1097,Vedika,Patil,deshpandeanamika@example.org,8553593811.0,Male,Hubli–Dharwad,Himachal Pradesh,2024-10-27
1098,Neelima,Pai,laksh61@example.org,9634224909.0,Male,Bhusawal,Jharkhand,2025-04-05
1099,Meera,Ahluwalia,bsinghal@example.net,8267382805.0,Male,Nagercoil,Karnataka,2023-10-18
1100,Udant,Mammen,frederick46@example.org,7247742164.0,Male,Guna,Maharashtra,2024-09-30
1101,Ayush,Anne,kgoda@example.org,7713200414.0,Male,Mango,Maharashtra,2023-11-18
1102,Gaurangi,Balasubramanian,imaranlal@example.com,9024115404.0,Male,Phusro,Sikkim,2024-12-10
1103,Manbir,Mahajan,oviya09@example.org,9985235594.0,Female,Haridwar,Meghalaya,2026-03-11
1104,Libni,Oza,advikasarraf@example.net,6660294093.0,Male,Pune,Meghalaya,2026-01-22
1105,Abdul,Narang,sandalvamakshi@example.com,9984008756.0,Female,Bhiwandi,Madhya Pradesh,2024-06-25
1106,Rajeshri,Dhaliwal,ahujaarya@example.net,8533812325.0,Female,Kozhikode,Andhra Pradesh,2025-05-30
1107,Jackson,Soni,kardhruv@example.com,9206381099.0,Female,Kharagpur,Telangana,2023-08-15
1108,Adya,Sangha,lkunda@example.net,8874266545.0,Male,Medininagar,Rajasthan,2026-07-21
1109,Dev,Dayal,nbasak@example.com,9882589363.0,Female,Shahjahanpur,Tripura,2024-01-24
1110,Aahana,Walla,mallfaqid@example.net,7516515255.0,Female,Chennai,Meghalaya,2026-05-18
1111,Imaran,Ahuja,azaan03@example.net,7086870403.0,Male,Avadi,Uttarakhand,2025-03-31
1112,Dalaja,Pal,hemal49@example.net,8869386522.0,Male,Raiganj,Madhya Pradesh,2024-05-05
1113,Finn,Seshadri,raviarya@example.com,9280298617.0,Female,Kharagpur,Chhattisgarh,2025-09-20
1114,Advaith,Sanghvi,ajani@example.com,9939021807.0,Female,Panvel,West Bengal,2025-09-09
1115,Anusha,Sahota,,6205227377.0,Female,South Dumdum,Himachal Pradesh,2023-12-30
1116,Inaya,Doctor,deepfinn@example.com,,Female,Ambala,Goa,2025-12-28
1117,Pahal,Butala,oliver90@example.com,6222729241.0,Female,Nellore,Meghalaya,2026-02-18
1118,Bhavani,Patla,divannidra@example.org,6503126570.0,Male,Kollam,Madhya Pradesh,2026-05-31
1119,Janaki,Chacko,chauhanisha@example.net,9615212092.0,Male,Saharsa,Odisha,2025-03-12
1120,Rachana,Randhawa,balvanchad@example.org,8313669078.0,Female,Nangloi Jat,Manipur,2025-08-05
1121,Rachit,Salvi,manyanagar@example.net,6457924719.0,Male,Vellore,Rajasthan,2025-10-12
1122,Lekha,Shah,mguha@example.org,8700431972.0,Female,Rajahmundry,Rajasthan,2025-09-16
1123,Darpan,Malhotra,xparikh@example.net,9345494397.0,Male,Morbi,Telangana,2024-05-16
1124,Maya,Gupta,ibassi@example.org,7992974278.0,Female,Varanasi,Manipur,2025-09-28
1125,Pratyush,Sur,naveendhaliwal@example.net,7092752616.0,Male,Karawal Nagar,Andhra Pradesh,2023-11-18
1126,Libni,Kamdar,manthanbhagat@example.org,7959746149.0,Male,Medininagar,Chhattisgarh,2024-09-07
1127,George,Sunder,dhriti12@example.org,8795107889.0,Female,Secunderabad,Chhattisgarh,2024-06-17
1128,Indrajit,Pal,omdev@example.com,8622709466.0,Male,Korba,Mizoram,2023-11-14
1129,Anjali,Oak,,9277020629.0,Female,Ramagundam,Punjab,2026-04-06
1130,Mitali,Samra,usingh@example.com,9921492554.0,Female,Singrauli,Chhattisgarh,2026-05-04
1131,Indrajit,Arya,osha70@example.org,8167619670.0,Male,Sasaram,Madhya Pradesh,2025-03-01
1132,Warinder,Bhargava,ykadakia@example.net,9546734863.0,Female,Ulhasnagar,Assam,2026-05-29
1133,Nachiket,Lal,,9088208193.0,Male,Jalandhar,Bihar,2025-03-06
1134,Mitali,Khatri,ambleadvay@example.com,7027717937.0,Male,Kurnool,Karnataka,2025-10-17
1135,Tejas,Roy,ktella@example.org,8823966518.0,Female,Agartala,West Bengal,2025-06-05
1136,Warjas,Wagle,ghoshganga@example.org,8641230061.0,Female,Ulhasnagar,Punjab,2024-09-09
1137,Vamakshi,Sule,tanish76@example.org,8727882126.0,Male,Jamshedpur,Meghalaya,2024-03-28
1138,Tanay,Bakshi,ekanibera@example.com,7085965180.0,Female,Morbi,Sikkim,2025-11-29
1139,Charita,Seth,ekanibehl@example.net,8872625674.0,Male,Shivpuri,Sikkim,2023-11-28
1140,Hemangini,Saxena,barianirja@example.net,9830768960.0,Female,Mau,Rajasthan,2026-06-21
1141,Darika,Loyal,laksh56@example.net,6711800683.0,Female,Gaya,Sikkim,2026-04-08
1142,Pratyush,Borra,gmani@example.com,7585528002.0,Female,Ramgarh,Mizoram,2025-02-10
1143,Xiti,Mittal,qushiuppal@example.org,9299401580.0,Male,Kamarhati,Uttar Pradesh,2026-07-10
1144,Isaac,Sura,abhimanyu06@example.net,6101821621.0,Male,Kulti,Andhra Pradesh,2025-12-26
1145,Vanya,Khare,nidravohra@example.org,,Male,Ambarnath,Gujarat,2025-04-17
1146,Yashvi,Setty,anikakurian@example.com,8105392861.0,Female,Sikar,Karnataka,2024-02-18
1147,Abdul,Jayaraman,jbal@example.com,7280242408.0,Female,Kumbakonam,Arunachal Pradesh,2025-10-06
1148,Ishaan,Raju,abandi@example.org,9864422746.0,Female,Cuttack,Karnataka,2025-03-04
1149,Odika,Gandhi,kbajaj@example.org,6215740945.0,Female,Buxar,Maharashtra,2025-12-08
1150,Triya,Gopal,nadkarniparth@example.org,6807016300.0,Female,Bahraich,Maharashtra,2024-10-07
1151,Indira,Sarna,qray@example.org,8178821809.0,Female,Ichalkaranji,Sikkim,2024-08-21
1152,Raghav,Dani,ishanvi82@example.net,6180207266.0,Female,Thrissur,Tripura,2024-07-11
1153,Oeshi,Sahota,dubelibni@example.com,9308143954.0,Male,Bidhannagar,Uttarakhand,2025-06-26
1154,Bahadurjit,Kota,khari@example.org,7144776027.0,Male,Tiruvottiyur,Bihar,2024-03-22
1155,Warda,Kota,zbhat@example.net,7015784156.0,Male,Aurangabad,Tripura,2026-02-17
1156,Nidhi,Purohit,gaurang98@example.org,8172435935.0,Female,Jhansi,Assam,2026-02-10
1157,Dominic,Shenoy,patelmohini@example.net,9363049418.0,Male,Nandyal,Sikkim,2023-09-22
1158,Madhavi,Thaker,pranitganguly@example.org,7378247593.0,Male,Mysore,Tripura,2024-12-21
1159,Yashawini,Sane,chanchaljhaveri@example.org,9090087968.0,Male,Gaya,Telangana,2024-02-22
1160,Udyati,Anne,jeettata@example.org,8115319440.0,Female,Rohtak,Meghalaya,2024-06-07
1161,Abdul,Gaba,triveni22@example.org,8440326891.0,Male,Indore,Goa,2025-12-29
1162,Udant,Taneja,balanjason@example.net,6305691235.0,Male,Vijayanagaram,West Bengal,2023-08-05
1163,Waida,Gandhi,psundaram@example.com,9158316457.0,Female,Surat,Arunachal Pradesh,2024-06-19
1164,Madhavi,Srinivas,watika13@example.org,6972425636.0,Female,Serampore,Uttar Pradesh,2024-11-04
1165,Rushil,Pall,kuruvillamaya@example.net,6643523014.0,Female,Ghaziabad,Uttar Pradesh,2025-05-30
1166,Qarin,Chauhan,fgara@example.org,8642352573.0,Female,Thanjavur,Madhya Pradesh,2026-06-29
1167,Chandresh,Singhal,oviya89@example.com,7635477729.0,Male,Howrah,Mizoram,2023-12-06
1168,Anika,Dua,bdhawan@example.org,8701818304.0,Female,Shivpuri,Mizoram,2023-11-10
1169,Balvan,Thaker,modizehaan@example.net,6556702603.0,Female,Karaikudi,Uttar Pradesh,2026-05-24
1170,Widisha,Gill,zashilbail@example.net,6508870799.0,Male,Pali,Assam,2024-04-15
1171,Advik,Saxena,zkoshy@example.org,8104364716.0,Male,Dehri,Meghalaya,2025-06-27
1172,Nitara,Goda,ddixit@example.com,7116087911.0,Male,Hubli–Dharwad,Arunachal Pradesh,2024-02-13
1173,Robert,Sabharwal,bgade@example.net,8719044095.0,Male,Pali,Odisha,2025-07-31
1174,Barkha,Desai,imani@example.org,8690265202.0,Female,Ujjain,Chhattisgarh,2025-08-27
1175,Benjamin,Tara,krishaahuja@example.net,8346716194.0,Male,Latur,Punjab,2023-12-01
1176,Naksh,Nagy,jeetsundaram@example.org,,Male,Thoothukudi,West Bengal,2025-03-16
1177,Ubika,Handa,brijeshde@example.net,8782802106.0,Female,Amravati,Sikkim,2025-07-27
1178,Ishwar,Natarajan,kritika65@example.net,8046208595.0,Male,Nangloi Jat,Madhya Pradesh,2024-07-16
1179,Sai,Dubey,udantsuri@example.net,9701097509.0,Male,Cuttack,Rajasthan,2025-05-19
1180,Anvi,Prasad,sarmaaishani@example.org,7725590395.0,Female,Saharsa,Kerala,2024-01-31
1181,Nikita,Dugar,yshanker@example.net,8702069215.0,Male,Salem,Arunachal Pradesh,2025-11-22
1182,Udarsh,Cherian,pranit20@example.net,8125587933.0,Male,Bhopal,Arunachal Pradesh,2025-06-07
1183,Qasim,Nigam,wridesh24@example.org,6567699411.0,Female,Darbhanga,Manipur,2023-08-06
1184,Shravya,Rajan,saksham06@example.net,6075847188.0,Female,Arrah,Tamil Nadu,2025-10-27
1185,Nihal,Din,nsaxena@example.com,9430037065.0,Male,Muzaffarnagar,Tamil Nadu,2026-01-14
1186,Ojasvi,Balay,vedantvala@example.com,8177757349.0,Male,Jorhat,Nagaland,2025-12-17
1187,Tara,Rout,eshanaborah@example.org,7868566581.0,Female,Bhilwara,Himachal Pradesh,2025-06-17
1188,Nathan,Sarkar,laban64@example.com,8027849243.0,Female,Nagaon,Tamil Nadu,2025-09-19
1189,Ijaya,Mandal,sekhongarima@example.com,9953015899.0,Female,Kolkata,Jharkhand,2025-05-07
1190,Chaman,Bail,liam91@example.net,7301086265.0,Male,Rajpur Sonarpur,Chhattisgarh,2024-02-08
1191,Megha,Behl,qbhagat@example.net,9072503339.0,Male,Maheshtala,Uttar Pradesh,2024-03-05
1192,Jyoti,Sathe,girishdalal@example.com,7456504024.0,Female,Nangloi Jat,Manipur,2024-06-06
1193,Urmi,Sama,hiteshrout@example.net,6409245511.0,Female,Alwar,Punjab,2025-09-12
1194,Janya,Nigam,yashoda36@example.com,8014090032.0,Female,Panvel,Uttar Pradesh,2025-05-25
1195,Shivani,Bhandari,joommen@example.com,9031808225.0,Female,Katni,Chhattisgarh,2025-04-10
1196,Niharika,Chatterjee,oscarswamy@example.com,9646712835.0,Male,Raiganj,Himachal Pradesh,2026-03-27
1197,Saanvi,Rana,wazirmall@example.net,8079411003.0,Female,Mehsana,Assam,2025-01-03
1198,Radhika,Nagar,zgara@example.org,9058237242.0,Male,Shahjahanpur,Sikkim,2023-08-18
1199,Parth,Acharya,urvashi64@example.org,9555574291.0,Male,Naihati,Himachal Pradesh,2023-12-31
1200,Dipta,Wadhwa,vmani@example.net,7735033890.0,Female,Deoghar,Himachal Pradesh,2026-01-11
1201,Dominic,Aggarwal,harishbrar@example.net,9622509192.0,Male,Siwan,Maharashtra,2024-02-01
1202,Manthan,Dubey,,6367263863.0,Female,Panipat,Mizoram,2024-01-18
1203,Libni,Sarin,chandranmeghana@example.com,6988298989.0,Male,Baranagar,Meghalaya,2025-02-03
1204,Oliver,Bala,krishnanaksh@example.com,9116619024.0,Female,Mysore,West Bengal,2025-12-18
1205,Laban,Ravel,wramesh@example.net,9865073485.0,Female,Erode,Bihar,2024-07-15
1206,Bishakha,Jain,anvigade@example.net,6826914674.0,Male,Suryapet,Telangana,2025-05-27
1207,Imaran,Barman,omajaprasad@example.org,8115914219.0,Male,Amravati,Kerala,2024-12-02
1208,Aachal,Bora,fnagy@example.com,6158949835.0,Female,Mathura,West Bengal,2024-09-02
1209,Varenya,Goswami,shivani48@example.org,8572694849.0,Male,Sasaram,Jharkhand,2024-07-27
1210,Krisha,Dugar,mannechameli@example.com,9289248130.0,Male,Faridabad,Tripura,2024-06-13
1211,Diya,Dutta,kandra@example.net,6073073645.0,Female,Ahmednagar,Chhattisgarh,2024-11-21
1212,Ikshita,Subramaniam,buchliam@example.com,7546361661.0,Male,Ramgarh,Telangana,2024-01-01
1213,Nathan,Kannan,hsamra@example.org,6679417677.0,Male,Hosur,Jharkhand,2025-02-20
1214,Tanvi,Issac,jalsa92@example.org,9507787653.0,Female,Durgapur,Bihar,2024-10-28
1215,Aarav,Shan,latanaksh@example.net,6782981235.0,Female,Ahmedabad,Telangana,2025-02-15
1216,Ekapad,Das,ozajanaki@example.net,9623751953.0,Female,Ambarnath,Uttar Pradesh,2025-04-30
1217,Parth,Ratta,aggarwaljagvi@example.com,7993814691.0,Female,Firozabad,Telangana,2025-11-28
1218,Balhaar,Batta,haritanath@example.net,6496552961.0,Male,Ozhukarai,Himachal Pradesh,2024-05-06
1219,Pushti,Iyengar,pratyushgrewal@example.org,7880725257.0,Female,Orai,Tamil Nadu,2026-04-04
1220,Lucky,Sathe,chadhavidhi@example.net,8420309183.0,Female,Nagpur,Goa,2025-10-21
1221,Warinder,Chaudhary,bishakhamaster@example.com,6856112721.0,Male,Jamshedpur,Goa,2025-12-17
1222,Indali,Sethi,wsinghal@example.com,9199240996.0,Male,Muzaffarpur,Uttar Pradesh,2024-04-29
1223,Ryan,Ben,kalaoni@example.org,6567708574.0,Female,Khora ,Kerala,2025-10-15
1224,Aryan,Minhas,beradaksha@example.com,9301154479.0,Female,Chapra,Chhattisgarh,2024-10-05
1225,Balhaar,Ramakrishnan,balveer50@example.com,9349721078.0,Male,Lucknow,Goa,2023-09-21
1226,Benjamin,Rai,raizarna@example.org,6811136848.0,Female,Jamnagar,Bihar,2023-12-15
1227,Tamanna,Nadig,tanmayi78@example.org,9631200518.0,Male,Delhi,Tripura,2024-12-20
1228,Manan,Sastry,shereorinder@example.com,9310426759.0,Male,Raurkela Industrial Township,Maharashtra,2024-02-09
1229,Hiral,Apte,nidra76@example.net,7286670870.0,Female,Phagwara,Nagaland,2024-09-25
1230,Devansh,Kala,yashvi34@example.net,9027158819.0,Male,Chandrapur,Assam,2023-12-18
1231,Pranit,Jaggi,harshil24@example.org,7823086390.0,Male,Kolkata,Arunachal Pradesh,2025-09-14
1232,Suhani,Yadav,sandhuanthony@example.com,9462297368.0,Female,Jehanabad,Punjab,2026-04-29
1233,Owen,Bhatt,maharajdarpan@example.net,8270697609.0,Female,Morena,Assam,2025-11-09
1234,Eiravati,Saini,sawhneyeesha@example.com,9796321751.0,Female,Pallavaram,Maharashtra,2026-02-03
1235,Lajita,Bali,gabaowen@example.com,6518042964.0,Female,Kalyan-Dombivli,Kerala,2023-12-30
1236,Bina,Chhabra,divya30@example.org,,Male,Arrah,Punjab,2025-05-22
1237,Netra,Mohan,rushilkala@example.org,8046146970.0,Female,Kota,Mizoram,2024-10-06
1238,Ansh,Loke,bina49@example.com,6402176965.0,Male,Karaikudi,Mizoram,2024-07-09
1239,Janani,Morar,vartyekaja@example.net,8324931821.0,Female,Hazaribagh,Sikkim,2023-11-20
1240,Sneha,Kumer,chatreshshroff@example.com,6539147585.0,Male,Bidar,Madhya Pradesh,2025-02-26
1241,Ekansh,Kar,sarthak40@example.net,6481043214.0,Male,Rajpur Sonarpur,Jharkhand,2025-11-01
1242,Kamala,Bhat,sbassi@example.org,9559676873.0,Female,Hazaribagh,Kerala,2026-04-03
1243,Qarin,Shetty,jonathan66@example.org,7917893884.0,Male,Gopalpur,Himachal Pradesh,2024-06-16
1244,Rachita,Lall,bajwahritik@example.org,8739893154.0,Female,Eluru,Rajasthan,2024-05-07
1245,Balveer,Nayar,rachit24@example.org,7117265560.0,Female,Nangloi Jat,Bihar,2024-03-13
1246,Banjeet,Kar,kalpitjohal@example.com,9040842689.0,Female,Tadipatri,Chhattisgarh,2023-10-22
1247,Xiti,Kalla,ramakrishnanvidhi@example.net,6388489981.0,Female,Ambala,Telangana,2024-09-06
1248,Shravya,Manne,vedant82@example.org,8481091015.0,Male,Bathinda,West Bengal,2025-12-16
1249,Arjun,Pradhan,sankarkala@example.net,6975745640.0,Male,Kurnool,West Bengal,2025-05-03
1250,Indali,Mutti,hbera@example.net,9489993937.0,Female,Meerut,Maharashtra,2026-01-01
1251,Krishna,Dube,avi85@example.net,6977811581.0,Female,Rourkela,Uttarakhand,2023-11-21
1252,Rehaan,Hayer,aadi07@example.net,9737129567.0,Female,Navi Mumbai,Tripura,2024-02-26
1253,Rohan,Agate,suhani03@example.org,9847318128.0,Female,Phagwara,Jharkhand,2024-07-31
1254,Harrison,Varkey,mukhopadhyayrajeshri@example.com,9874147794.0,Male,Faridabad,Goa,2024-12-30
1255,Siya,Yohannan,drout@example.net,7582053110.0,Female,Nagaon,Kerala,2023-09-15
1256,Isha,Balan,maanav28@example.com,9798281511.0,Male,Meerut,Assam,2026-06-21
1257,Yatin,Bajwa,aishaniprabhu@example.com,7436023754.0,Female,Kanpur,Uttarakhand,2025-09-07
1258,Nandini,Varty,rkhare@example.org,8025090182.0,Female,Kanpur,Karnataka,2026-07-27
1259,Sneha,Hans,harshilwalia@example.com,,Male,Gulbarga,Punjab,2025-09-07
1260,Baljiwan,Iyer,harinikurian@example.org,7514787940.0,Male,Naihati,Rajasthan,2026-05-26
1261,Reyansh,Solanki,pushti49@example.org,7907356532.0,Female,Machilipatnam,Uttar Pradesh,2023-11-18
1262,Brijesh,Dubey,senguptadalbir@example.net,6181615543.0,Male,Berhampur,Karnataka,2023-12-04
1263,Ranveer,Salvi,ekarajkumar@example.net,6485468413.0,Male,Hapur,Kerala,2025-10-09
1264,Hema,Chandran,yoshitabhakta@example.com,9595617181.0,Male,Gorakhpur,Karnataka,2023-08-19
1265,Indira,Sarkar,miteshnagi@example.net,9588389472.0,Female,Bongaigaon,Gujarat,2024-12-18
1266,Abhiram,Dyal,chaitalydoshi@example.net,6818878543.0,Male,Kadapa,Nagaland,2024-09-19
1267,Vedika,Wadhwa,hbansal@example.org,9429771764.0,Female,Hospet,West Bengal,2023-08-12
1268,Vedant,Sagar,sudiksha46@example.net,9056857246.0,Female,Bhusawal,Kerala,2025-10-01
1269,Vivaan,Rattan,jmistry@example.org,,Male,Jehanabad,West Bengal,2025-05-03
1270,Bakhshi,Keer,kevin66@example.com,6472720484.0,Male,Warangal,Bihar,2024-10-15
1271,Mekhala,Ratti,naiduindrajit@example.com,6121184787.0,Female,Bharatpur,Maharashtra,2026-05-30
1272,Chandani,Pandit,dhillonanika@example.com,6290493806.0,Male,Chandrapur,Telangana,2024-10-17
1273,Rehaan,Chaudhari,georgechadha@example.org,8449589624.0,Male,Udaipur,Gujarat,2024-05-14
1274,Hema,Bora,zghose@example.com,9368701512.0,Male,Nangloi Jat,Uttar Pradesh,2025-12-26
1275,Samar,Nath,daveaayush@example.net,6638661658.0,Female,Parbhani,Maharashtra,2025-07-24
1276,Meera,Bahl,sshere@example.org,7126730653.0,Female,Gandhinagar,Rajasthan,2025-06-15
1277,Yasti,Aggarwal,rzacharia@example.com,7364731544.0,Female,Rampur,Maharashtra,2023-12-10
1278,Hritik,Shah,hsant@example.net,9965333168.0,Male,Haldia,Karnataka,2024-04-10
1279,Vedhika,Tank,sahotacharles@example.org,6625619638.0,Male,Kakinada,Andhra Pradesh,2023-12-11
1280,Unnati,Bir,bimalarau@example.com,9117518209.0,Male,Unnao,Manipur,2025-11-18
1281,Omaja,Mand,thakurfinn@example.org,6131850332.0,Male,Firozabad,Mizoram,2025-08-06
1282,Shivansh,Kulkarni,brahmbhattyatan@example.org,9896631643.0,Female,Rohtak,Bihar,2023-10-07
1283,Akshay,Borah,harishdeol@example.com,6340325769.0,Female,Belgaum,Bihar,2025-06-13
1284,Nidhi,Mannan,vasana86@example.org,7676010407.0,Female,Jorhat,Odisha,2025-11-19
1285,Charan,Sibal,rachit57@example.org,8993739275.0,Female,Kota,Madhya Pradesh,2025-03-18
1286,Joshua,Dugar,jeremiahbalasubramanian@example.com,9293612086.0,Male,Baranagar,Gujarat,2024-10-20
1287,Upma,Uppal,siyayogi@example.com,6551960617.0,Male,Solapur,Bihar,2025-11-01
1288,Mahika,Guha,echopra@example.org,6652232336.0,Male,Arrah,Himachal Pradesh,2024-10-16
1289,Triya,Gopal,radhapandit@example.net,9241054558.0,Male,Singrauli,Odisha,2025-08-01
1290,Neel,Dani,samigeorge@example.com,7451797602.0,Female,Dehradun,Kerala,2023-09-30
1291,Widisha,Ganesh,farhansane@example.net,6074265552.0,Male,Bathinda,Maharashtra,2023-08-23
1292,Maanas,Dugar,arin26@example.net,6097244820.0,Male,Ambarnath,Punjab,2025-01-04
1293,Oscar,Mody,ukalla@example.net,8580755216.0,Male,Katni,Goa,2026-02-26
1294,Chaaya,Oak,keyakadakia@example.net,7700179538.0,Male,Tiruvottiyur,Jharkhand,2023-11-23
1295,Vihaan,Khurana,jayaramanlogan@example.org,9985689414.0,Male,Hapur,Rajasthan,2026-06-17
1296,Leena,Krishna,balvanarya@example.org,7529020562.0,Male,Motihari,Tamil Nadu,2024-09-10
1297,Oviya,Sane,shahojasvi@example.net,9996413491.0,Male,Bharatpur,Assam,2025-04-14
1298,Irya,Contractor,boralakshmi@example.org,8564253757.0,Female,Etawah,Kerala,2024-11-01
1299,Ekbal,Bhatnagar,lakshit87@example.net,7371349894.0,Male,Bhimavaram,Tamil Nadu,2025-02-15
1300,Aarna,Koshy,iprakash@example.com,6309582650.0,Male,Kirari Suleman Nagar,Haryana,2025-04-24
1301,Eiravati,Sodhi,sawhneyzarna@example.com,7197209988.0,Female,Kulti,Sikkim,2025-06-01
1302,Faraj,Dayal,mandalarunima@example.net,7652309311.0,Male,Mehsana,Rajasthan,2025-04-18
1303,Gauri,Saxena,surjagat@example.com,,Male,Thane,Mizoram,2024-10-28
1304,Agastya,Modi,wridesh03@example.org,6404553744.0,Male,Malegaon,Odisha,2025-05-31
1305,Damini,Sekhon,qkamdar@example.net,7200190553.0,Female,Serampore,Madhya Pradesh,2026-06-01
1306,Jalsa,Badami,jhalakkant@example.com,9695859902.0,Female,Saharsa,Andhra Pradesh,2025-08-25
1307,Arunima,Mall,yashawinigole@example.org,7076146557.0,Male,Allahabad,Bihar,2025-03-29
1308,Irya,Samra,yprashad@example.net,7057496005.0,Male,Anantapuram,West Bengal,2025-01-04
1309,Mitali,Gour,lankanakul@example.org,9366371517.0,Male,Bihar Sharif,Uttar Pradesh,2026-07-02
1310,David,Nigam,ryan14@example.com,7644337705.0,Male,Panvel,Uttarakhand,2024-07-29
1311,Isaiah,Kota,iatwal@example.net,8324504553.0,Female,Mumbai,Odisha,2026-04-10
1312,Gayathri,Choudhary,ppau@example.com,6176739923.0,Male,Mahbubnagar,Arunachal Pradesh,2024-02-03
1313,Sanya,Minhas,htaneja@example.org,7457207538.0,Female,Pondicherry,Rajasthan,2025-07-01
1314,Faras,Garg,zbehl@example.org,6810685484.0,Male,Bally,Kerala,2026-05-11
1315,Ranbir,Chhabra,nitarasrinivasan@example.com,9861865987.0,Male,Uluberia,Chhattisgarh,2025-09-24
1316,Jairaj,Bhargava,neha35@example.net,9189639626.0,Male,Bhiwandi,Rajasthan,2024-12-21
1317,Lopa,Prashad,behlpallavi@example.net,9263373747.0,Male,North Dumdum,West Bengal,2025-05-10
1318,Omkaar,Kant,kthaker@example.com,6826546722.0,Male,Davanagere,Karnataka,2026-02-24
1319,Laksh,Lad,sekhonquincy@example.com,7260568967.0,Male,Raichur,Gujarat,2024-06-27
1320,Vrinda,Mody,nbala@example.com,9587353238.0,Female,Jalgaon,Chhattisgarh,2024-05-07
1321,Yashica,Rai,baljiwan64@example.com,6871050563.0,Female,Kirari Suleman Nagar,Uttarakhand,2023-08-12
1322,Yamini,Parsa,devanshmemon@example.net,8114640852.0,Female,Tadipatri,Tripura,2024-03-22
1323,Barkha,Dyal,urmi14@example.net,6260651466.0,Female,Nagaon,Jharkhand,2023-09-03
1324,Tanmayi,Dhillon,khuranabishakha@example.net,7676614431.0,Male,Nadiad,Odisha,2023-11-02
1325,Yash,Narula,bimalaarora@example.com,9798862372.0,Female,Gaya,Rajasthan,2025-08-08
1326,Upasna,Datta,rastogiaadi@example.net,9441676961.0,Male,Alwar,Odisha,2026-07-13
1327,Wazir,Raghavan,wridesh01@example.net,9708339780.0,Female,Kollam,Mizoram,2026-01-18
1328,Vritti,Kibe,gillati@example.com,8922039220.0,Male,Durg,Maharashtra,2024-06-11
1329,Omisha,Mall,niharika55@example.com,8044918741.0,Male,Udaipur,Himachal Pradesh,2024-04-11
1330,Christopher,Prakash,palankiaan@example.net,8493469401.0,Male,Aurangabad,Bihar,2024-11-18
1331,Saksham,Parikh,siddharth33@example.com,7317683958.0,Male,Rajkot,Chhattisgarh,2025-10-25
1332,Amara,Gade,pantsai@example.org,7988535487.0,Female,Jhansi,Haryana,2024-08-17
1333,Vasudha,Sangha,gaurav46@example.net,6568044621.0,Male,Panihati,Haryana,2024-06-16
1334,Peter,Sem,mammenayushman@example.net,8857863260.0,Male,Hyderabad,Nagaland,2024-03-10
1335,Daniel,Shukla,gaurangi03@example.org,9140603884.0,Female,Guntur,Sikkim,2025-08-25
1336,Tristan,Lad,nitesh99@example.com,8852176467.0,Male,Berhampore,Kerala,2024-10-29
1337,Chaitanya,Thaker,zloyal@example.net,9515233756.0,Male,Kulti,Odisha,2024-12-12
1338,Advay,Sidhu,zayyanvasa@example.net,9369881175.0,Male,Raipur,Andhra Pradesh,2026-02-03
1339,Kashish,Borah,eraghavan@example.org,6001169767.0,Female,Dindigul,Gujarat,2025-12-20
1340,Priya,Ramanathan,nkrishnamurthy@example.com,8790295971.0,Male,Ambarnath,Gujarat,2026-04-24
1341,Jyoti,Maharaj,rsrivastava@example.net,9423237301.0,Male,Farrukhabad,Punjab,2023-12-20
1342,Inaya,Rajan,boraavi@example.org,8822916776.0,Male,Dharmavaram,Mizoram,2025-02-05
1343,Nikita,Swaminathan,rshankar@example.com,8655534256.0,Male,Hapur,Arunachal Pradesh,2025-09-24
1344,Abeer,Naidu,hitesh91@example.com,7843707803.0,Male,Parbhani,Maharashtra,2024-03-16
1345,Tripti,Chatterjee,yadavimody@example.com,6767987319.0,Male,Baranagar,Tripura,2026-06-20
1346,Kevin,Varty,gillnandini@example.com,7467493754.0,Female,Bidar,Maharashtra,2024-08-08
1347,Warhi,Parmar,zashilgaba@example.net,8152905795.0,Female,Mira-Bhayandar,Madhya Pradesh,2023-12-30
1348,Zayyan,Raghavan,kalpit06@example.com,8330790742.0,Female,Mahbubnagar,Rajasthan,2023-11-16
1349,Ryan,Anand,avnigandhi@example.org,7807013313.0,Male,Patna,Jharkhand,2024-01-13
1350,Advik,Mand,khatrimanya@example.com,8142669225.0,Female,Vijayawada,Jharkhand,2024-04-13
1351,Banjeet,Chacko,falgunichander@example.com,7199423907.0,Female,Nellore,Nagaland,2025-01-16
1352,Raksha,Lala,xmall@example.net,7963087939.0,Female,Kumbakonam,Mizoram,2024-11-30
1353,Nicholas,Barad,,6112361648.0,Female,Kolkata,Maharashtra,2026-04-12
1354,Vidhi,Bhalla,hemalchopra@example.com,9462053420.0,Female,Kanpur,Kerala,2024-02-18
1355,Jatin,Tata,advay83@example.com,8079437752.0,Female,Guna,Maharashtra,2023-12-17
1356,Gagan,Jayaraman,saxenagaurang@example.org,7710758554.0,Male,Bhalswa Jahangir Pur,Punjab,2025-06-01
1357,Mitesh,Chahal,udyatinayar@example.net,8440525900.0,Female,Yamunanagar,Bihar,2024-10-13
1358,Anvi,Devan,prabhuteerth@example.org,7319038505.0,Female,Katihar,Tamil Nadu,2025-08-21
1359,Leela,Sane,banjeet34@example.net,7894134300.0,Female,Akola,Punjab,2023-12-01
1360,Anthony,Gokhale,krishnaadvay@example.com,6318023318.0,Female,Gurgaon,Chhattisgarh,2023-12-28
1361,Vedhika,Grewal,anvi82@example.org,9040281267.0,Female,Morena,Karnataka,2023-12-17
1362,Bina,Bir,btank@example.net,9548921053.0,Female,Anantapur,Meghalaya,2025-12-12
1363,Pavani,Raval,wahabbora@example.net,7630754292.0,Female,Tinsukia,Rajasthan,2026-07-02
1364,Sachi,Garg,azaanbose@example.com,6461646182.0,Female,Nellore,Punjab,2026-06-27
1365,Qasim,Sodhi,meera87@example.com,8750131690.0,Male,Siliguri,Manipur,2024-08-19
1366,Vedhika,Gole,ekajahayre@example.net,9140896241.0,Male,Shivpuri,Haryana,2024-12-10
1367,Samesh,Mitra,farajnanda@example.org,8187093038.0,Female,Faridabad,Odisha,2025-07-04
1368,Advaith,Deshpande,gautamdutt@example.net,9568897408.0,Female,Ghaziabad,Nagaland,2026-07-06
1369,Hritik,Kant,waglenitesh@example.net,8358308677.0,Female,Belgaum,Punjab,2025-01-06
1370,Theodore,Wali,memondakshesh@example.com,9760216519.0,Male,Kavali,Goa,2024-04-16
1371,Nathaniel,Bora,brijeshamble@example.com,7966143695.0,Female,Rohtak,Assam,2025-11-18
1372,Naksh,Mand,varugheseqasim@example.com,6955362626.0,Female,Parbhani,Andhra Pradesh,2024-05-31
1373,Kiaan,Boase,ayaan89@example.net,7380114399.0,Female,Malegaon,Meghalaya,2024-05-25
1374,Jack,Tara,ekanta60@example.com,9652052172.0,Female,Proddatur,West Bengal,2025-06-28
1375,Veer,Pau,toorpavani@example.com,9713187145.0,Female,Varanasi,Assam,2025-11-04
1376,Abhimanyu,Bhasin,lopa78@example.net,7617447130.0,Male,Jehanabad,Tamil Nadu,2025-01-23
1377,Gavin,Natarajan,yadavvincent@example.com,9162989273.0,Female,Panihati,Gujarat,2024-10-11
1378,Samarth,Nigam,khuranarehaan@example.org,9896397576.0,Female,Bidar,Jharkhand,2025-05-30
1379,Wahab,Soni,harini71@example.net,7634304261.0,Male,Morena,Goa,2026-06-28
1380,Sneha,Pillai,aashi21@example.org,7584908760.0,Female,Medininagar,Karnataka,2023-11-11
1381,Robert,Krishnan,turvirege@example.net,6153440763.0,Female,Bokaro,Nagaland,2023-12-15
1382,Harini,Sachar,gdeo@example.org,6409941356.0,Female,Indore,Odisha,2024-03-09
1383,Kevin,Ram,riaprashad@example.org,9887000601.0,Male,Silchar,Maharashtra,2023-09-15
1384,Anirudh,Shankar,maniaarav@example.com,9550711434.0,Female,Udupi,Meghalaya,2026-07-27
1385,Chandani,Chaudry,imitra@example.net,7203137581.0,Female,Unnao,Goa,2024-10-08
1386,Ekanta,Dhillon,balatejas@example.net,6866166788.0,Male,Chittoor,Himachal Pradesh,2024-06-02
1387,Urvashi,Solanki,bkata@example.org,6336923207.0,Female,Karimnagar,Punjab,2023-11-21
1388,Arjun,Yohannan,zpillay@example.net,9148931323.0,Male,Mysore,Karnataka,2024-01-30
1389,Krishna,Choudhary,aachal82@example.net,9751970733.0,Male,Jehanabad,Rajasthan,2024-08-10
1390,Samuel,Buch,henrydube@example.net,9156465448.0,Female,Bongaigaon,Odisha,2026-07-08
1391,Urvashi,Chadha,nidra16@example.org,7498307254.0,Male,Phusro,West Bengal,2024-10-03
1392,Nilima,Samra,ssarraf@example.net,8683287878.0,Male,New Delhi,Arunachal Pradesh,2024-04-07
1393,Ganga,Khatri,chandran17@example.org,9077588792.0,Female,Anantapuram,Gujarat,2024-02-25
1394,Siddharth,Dhar,hgaba@example.org,,Male,Vadodara,Karnataka,2024-01-29
1395,Jackson,Kala,mukherjeeabha@example.org,6345288315.0,Male,Giridih,Nagaland,2024-06-27
1396,Sathvik,Cheema,qmenon@example.com,7400462672.0,Female,Proddatur,Uttarakhand,2024-07-04
1397,Unni,Maharaj,aashidash@example.org,7772792654.0,Female,Amravati,Meghalaya,2025-12-26
1398,Aryan,Comar,pmohan@example.org,9365505032.0,Female,Guna,Punjab,2024-09-22
1399,Qadim,Deshmukh,vrege@example.org,7009311295.0,Female,Kalyan-Dombivli,Uttarakhand,2025-10-16
1400,Sai,Dave,faras09@example.org,8531683820.0,Female,Tadipatri,Madhya Pradesh,2024-05-12
1401,Chavvi,Pillai,amaira11@example.com,7495591529.0,Male,Morbi,Punjab,2025-03-06
1402,Shivansh,Borde,krishna51@example.net,7240333103.0,Female,Akola,Mizoram,2023-10-27
1403,Nitara,Ramaswamy,pmodi@example.net,9096330984.0,Female,Kamarhati,Andhra Pradesh,2025-09-23
1404,Samarth,Acharya,savantpavani@example.net,6742906139.0,Female,Berhampore,Punjab,2023-09-07
1405,Manya,Jain,qjohal@example.net,6995035341.0,Female,Thoothukudi,Himachal Pradesh,2025-07-05
1406,Abdul,Arora,aarnav84@example.com,8545000400.0,Male,Ajmer,Tamil Nadu,2024-03-26
1407,Prisha,Garg,balendrachoudhry@example.com,8203621098.0,Female,Yamunanagar,Uttar Pradesh,2025-03-28
1408,Zashil,Singhal,karpebaghyawati@example.com,7682965283.0,Female,Tirunelveli,Gujarat,2026-07-06
1409,Kamya,Sane,saradhar@example.org,9285029702.0,Male,Nagpur,Kerala,2026-07-02
1410,Ekaraj,Kibe,psur@example.com,9549581134.0,Male,Jamshedpur,Uttar Pradesh,2024-12-12
1411,Hardik,De,magarjairaj@example.net,6236955309.0,Male,Sonipat,Madhya Pradesh,2025-05-10
1412,Finn,Nayar,xgara@example.com,6410146083.0,Female,Shimoga,Goa,2025-06-23
1413,Tristan,Kota,zinal20@example.com,8709036589.0,Male,Bhatpara,West Bengal,2025-02-22
1414,Nihal,Karan,ishitavenkataraman@example.com,6973188133.0,Male,Ludhiana,Karnataka,2025-09-14
1415,Nidra,Iyengar,sai42@example.net,6957888872.0,Female,Hubli–Dharwad,Rajasthan,2025-10-11
1416,Radha,Purohit,boraaishani@example.net,9007680094.0,Female,Hindupur,Sikkim,2023-08-20
1417,Orinder,Mallick,keya08@example.com,6144592236.0,Male,Bokaro,Jharkhand,2026-03-18
1418,Anamika,Samra,rachanaray@example.net,6478788096.0,Male,Secunderabad,Manipur,2024-10-25
1419,Aradhana,Peri,kotaorinder@example.com,9461993991.0,Male,Srinagar,Uttarakhand,2024-10-14
1420,Osha,Lal,prakashkrishna@example.com,7767080456.0,Male,Pimpri-Chinchwad,Tamil Nadu,2025-04-28
1421,Anusha,Gaba,raagini96@example.com,6058452793.0,Male,Kulti,Andhra Pradesh,2024-04-21
1422,Maanas,Khare,inaya16@example.net,7060170652.0,Female,Kanpur,Bihar,2025-04-23
1423,Yachana,Bala,wkhanna@example.org,9632346149.0,Female,Bilaspur,Uttar Pradesh,2025-01-21
1424,Mohini,Lal,upasnamunshi@example.com,7198805480.0,Male,Sri Ganganagar,Uttarakhand,2024-02-09
1425,Shivansh,Dhar,amritaagrawal@example.com,7875290547.0,Male,Narasaraopet,Andhra Pradesh,2024-01-21
1426,Anamika,Keer,ladjagat@example.net,8014814189.0,Female,Parbhani,Uttar Pradesh,2025-06-28
1427,Yauvani,Sahota,,8120695492.0,Female,Dindigul,Kerala,2024-02-21
1428,Lekha,Bala,mittalmekhala@example.com,9792821037.0,Male,Madhyamgram,Uttar Pradesh,2024-05-01
1429,Mohammed,Bir,wrideshdani@example.net,9540568753.0,Female,Sambhal,Telangana,2024-07-18
1430,Ganga,Bains,abala@example.com,7729550531.0,Male,Pallavaram,Assam,2026-02-07
1431,Imaran,Din,zansi35@example.com,8353608925.0,Female,Aizawl,Telangana,2026-05-20
1432,Abdul,Mittal,nihal93@example.org,7261434310.0,Male,Barasat,Punjab,2026-07-20
1433,Karan,Nagarajan,chaitanyaparikh@example.org,8872913106.0,Female,Thrissur,Tripura,2024-04-03
1434,Mohammed,Narayan,benudarsh@example.org,6692187474.0,Female,Karimnagar,Goa,2023-11-22
1435,Gaurav,Atwal,chamanhari@example.net,7515051356.0,Female,Meerut,Gujarat,2023-10-01
1436,Darsh,Lanka,shivanshdua@example.net,8877507607.0,Female,Kottayam,Mizoram,2024-08-30
1437,Sudiksha,Wason,,7830030660.0,Male,Raiganj,Jharkhand,2026-02-26
1438,Girindra,Sankar,sandhujairaj@example.org,7767142109.0,Female,Surat,Gujarat,2024-07-14
1439,Chandresh,Dewan,auppal@example.com,6501969971.0,Male,Giridih,Goa,2023-10-04
1440,Imaran,Agate,mallickveer@example.org,9144232857.0,Male,Loni,Bihar,2024-10-25
1441,Lakshmi,Baria,vedikanaik@example.com,7294001131.0,Male,Buxar,Assam,2025-10-02
1442,Kabir,Varkey,jhalak59@example.org,9526868268.0,Male,Pudukkottai,Mizoram,2026-06-15
1443,Robert,Rao,jhalak06@example.org,7895152898.0,Female,Kadapa,Nagaland,2024-04-14
1444,Teerth,Grover,bachittarbajaj@example.com,7716617839.0,Male,Ahmednagar,Gujarat,2025-01-23
1445,Azaan,Buch,aayush99@example.com,9160234841.0,Male,Kumbakonam,Arunachal Pradesh,2024-07-13
1446,Maanas,Mistry,eroy@example.org,6021346697.0,Male,Chennai,Uttarakhand,2025-08-23
1447,Ishaan,Prasad,sarnaucchal@example.com,8364532293.0,Female,Howrah,Telangana,2026-03-02
1448,Laban,Varghese,dpradhan@example.com,8992938324.0,Female,Bhopal,Odisha,2025-10-13
1449,Aditya,Sandal,ekansh29@example.com,8435839437.0,Female,Jhansi,Meghalaya,2024-09-08
1450,Liam,Sinha,kotalipika@example.org,9998528176.0,Female,Aizawl,Telangana,2025-08-01
1451,Gavin,Vyas,shroffyash@example.com,8874175299.0,Male,Hindupur,Punjab,2025-12-15
1452,Nilima,Chakrabarti,agastyaparekh@example.net,9390693632.0,Female,Bareilly,Odisha,2025-09-12
1453,Ekavir,Manda,ranawazir@example.com,8013956512.0,Female,Bettiah,Karnataka,2025-05-23
1454,Osha,Vyas,bpatla@example.com,6155692757.0,Female,Shimoga,Telangana,2025-07-30
1455,Parth,Pradhan,parikhdavid@example.net,6624596527.0,Male,Patiala,Nagaland,2024-06-23
1456,Aadi,Murty,karan67@example.net,7577575326.0,Female,Jalandhar,Karnataka,2023-12-29
1457,Oeshi,Barad,echander@example.com,9990903283.0,Female,Tiruchirappalli,Telangana,2024-05-03
1458,Harini,Ganesan,ymunshi@example.com,6856956780.0,Female,Tiruvottiyur,Nagaland,2024-07-24
1459,Dakshesh,Ahluwalia,thakkardavid@example.net,8152526541.0,Male,Gorakhpur,Goa,2024-09-01
1460,Nitara,Sane,zaitrawable@example.com,7971212316.0,Male,Amaravati,Odisha,2024-12-11
1461,Jack,Mann,poojabatta@example.net,6122535270.0,Male,Maheshtala,Odisha,2024-04-04
1462,Azaan,Parmer,dalbir22@example.com,9939075030.0,Female,Rampur,Gujarat,2024-02-09
1463,Ganga,Natt,kashish60@example.org,8447525187.0,Female,Siliguri,Chhattisgarh,2024-05-17
1464,Saksham,Dave,simon80@example.org,9634983310.0,Male,Rampur,Gujarat,2024-03-20
1465,Chakradhar,Modi,tde@example.com,6982012666.0,Male,Deoghar,Goa,2026-03-25
1466,Samarth,Gour,vinaya83@example.com,6012743065.0,Female,Bhind,Kerala,2026-01-26
1467,Zaitra,Char,aryanboase@example.org,9085511169.0,Male,Guntakal,Rajasthan,2025-03-20
1468,Bimala,Sawhney,ishaanperi@example.org,8260502684.0,Female,Srinagar,Bihar,2024-06-14
1469,Tanveer,Sethi,isur@example.net,9962847961.0,Male,Kolhapur,Goa,2025-12-22
1470,Falak,Andra,miteshvarma@example.com,9294536226.0,Male,Durg,Bihar,2025-10-19
1471,Hredhaan,Munshi,hpanchal@example.com,6462448886.0,Male,Tadepalligudem,Rajasthan,2026-06-21
1472,Rachit,Gopal,leela57@example.org,8622261871.0,Female,Bareilly,Telangana,2023-11-13
1473,Naksh,Bhasin,parekheesha@example.net,7318651453.0,Male,Ghaziabad,Tamil Nadu,2026-02-26
1474,Ekanta,Kota,kalegautami@example.com,6398302446.0,Female,Kulti,Nagaland,2025-10-26
1475,Mitesh,Mishra,bbrar@example.org,7586964652.0,Female,Hospet,Assam,2024-10-09
1476,Baghyawati,Karnik,ronith63@example.com,7407899172.0,Female,Bongaigaon,Himachal Pradesh,2024-05-19
1477,Nitara,Vyas,padmanabhanvasudha@example.org,6618774816.0,Female,Lucknow,Himachal Pradesh,2024-12-16
1478,Theodore,Bhandari,ssolanki@example.org,9524528482.0,Male,Dibrugarh,West Bengal,2025-11-25
1479,Harinakshi,Jha,tanay48@example.org,8118060461.0,Male,Kulti,Meghalaya,2024-10-31
1480,Charvi,Tella,ladgabriel@example.net,6703638996.0,Male,Ghaziabad,Gujarat,2026-07-28
1481,Wyatt,Mahal,kamya55@example.org,9726500637.0,Male,Jabalpur,Odisha,2025-05-01
1482,Zilmil,Gandhi,lmore@example.net,9080281391.0,Male,Hindupur,Odisha,2024-10-08
1483,Abhiram,Pandit,amaramallick@example.com,,Female,Sangli-Miraj & Kupwad,Nagaland,2024-12-28
1484,Lohit,Devi,jaibanerjee@example.net,8601000838.0,Male,Ghaziabad,Odisha,2025-01-24
1485,Nathan,Krishnamurthy,bhavsarqushi@example.net,6326150560.0,Male,Medininagar,Mizoram,2026-06-24
1486,Ria,Bakshi,lokeniharika@example.net,9882929806.0,Female,Eluru,Goa,2025-08-08
1487,Libni,Hans,keya91@example.com,9907303572.0,Female,Nandyal,Sikkim,2023-12-20
1488,Devika,Mallick,mannurvashi@example.net,7148748000.0,Male,Vadodara,Andhra Pradesh,2026-07-13
1489,Ishita,Kara,zchanda@example.com,8407759627.0,Female,Burhanpur,Mizoram,2025-10-16
1490,Rachita,Agate,shahhamsini@example.net,8321567591.0,Male,Thiruvananthapuram,Karnataka,2026-03-29
1491,Amrita,Ben,nigampavani@example.com,7543422463.0,Female,Bhimavaram,Himachal Pradesh,2023-11-06
1492,Rajeshri,Manda,hredhaan82@example.org,6189997094.0,Female,Morbi,Himachal Pradesh,2023-10-09
1493,Pratyush,Datta,vganesan@example.org,9415515382.0,Male,Chandrapur,Sikkim,2026-03-03
1494,Niharika,Gupta,anyapatil@example.org,6600708059.0,Male,Tenali,Karnataka,2023-08-10
1495,Zehaan,Ramaswamy,okrishna@example.org,7494349186.0,Female,Singrauli,Gujarat,2024-11-07
1496,Gaurika,Gupta,ogaba@example.net,8992409161.0,Female,Medininagar,Sikkim,2023-08-04
1497,Ekbal,Narasimhan,yohannanfaqid@example.net,6709670824.0,Male,Gaya,Odisha,2025-01-29
1498,Elijah,Yadav,amol43@example.net,7116910188.0,Male,Bihar Sharif,Nagaland,2025-01-21
1499,Theodore,Sarna,aachal52@example.com,7350343433.0,Female,Karawal Nagar,Kerala,2023-11-22
1500,Nirja,Anne,dakshesh65@example.com,9717244518.0,Female,Karaikudi,Karnataka,2025-06-03
1362,Bina,Bir,btank@example.net,9548921053.0,Female,Anantapur,Meghalaya,2025-12-12
1074,Damini,Mital,ijaya41@example.com,6394761145.0,Male,Machilipatnam,Himachal Pradesh,2024-12-15
1375,Veer,Pau,toorpavani@example.com,9713187145.0,Female,Varanasi,Assam,2025-11-04
1156,Nidhi,Purohit,gaurang98@example.org,8172435935.0,Female,Jhansi,Assam,2026-02-10
1105,Abdul,Narang,sandalvamakshi@example.com,9984008756.0,Female,Bhiwandi,Madhya Pradesh,2024-06-25
